Workbook

Sheet NOTAS
A1: MAESTRÍA EN ANALÍTICA Y GERENCIA DE DATOS - COHORTE - 5
B6: MÓDULO: | C6: CASOS DE ESTUDIO APLICADOS AL SECTOR FINANCIERO | E6: CÓDIGO: | F6: POS51776
B7: DOCENTE: | C7: XIMENA QUIROGA | E7: PERIODO: | F7: 2025 - 20
B8: N° HORAS: | C8: 20 | E8: AÑO: | F8: 2026
A10: N° | B10: PROG | C10: CÉDULA N° | D10: APELLIDOS Y NOMBRES | E10: CORREO | G10: NOTA 1 | H10: NOTA 2 | I10: NOTA FINAL | J10: RETROALIMENTACIÓN
A11: 1 | B11: MAGD - 5 | C11: 1030571881 | D11: Alvarez Navarro Erika Yamile | E11: erikaalvareznavarro@gmail.com | G11: si | H11: 0.05 | I11: si | J11: no
A12: 2 | B12: MAGD - 5 | C12: 1105675589 | D12: Arias Pacheco Jaime Oswaldo | E12: oswar17@gmail.com | G12: si | H12: 0.05 | I12: si | J12: si
A13: 3 | B13: MAGD - 5 | C13: 1022373898 | D13: Castro González Juliana Ibeth | E13: julibeth17@hotmail.com | G13: si | I13: si | J13: si
A14: 4 | B14: MAGD - 5 | C14: 1012414210 | D14: González Campo Andrea Viviana | E14: andregonzalezc94@gmail.com | G14: si | H14: 0.05 | I14: no | J14: si
A15: 5 | B15: MAGD - 5 | C15: 1000287668 | D15: Pardo Ruiz Johan Sebastian | E15: johanpardoruiz@gmail.com | G15: si | H15: 0.15 | I15: si | J15: si
A16: 6 | B16: MAGD - 5 | C16: 1018437179 | D16: Sierra Vallejo Andres Felipe | E16: andresfelipe180890@gmail.com | G16: si | H16: 0.05 | I16: si | J16: si
A17: 7 | B17: MAGD - 5 | C17: 1033719488 | D17: Avila Marcela | E17: marce12194@gmail.com | G17: si | H17: 0.1 | I17: si | J17: si

Sheet ASISTENCIA 
A1: =NOTAS!A1 -> MAESTRÍA EN ANALÍTICA Y GERENCIA DE DATOS - COHORTE - 5
B6: =NOTAS!B6 -> MÓDULO: | C6: =+NOTAS!C6 -> CASOS DE ESTUDIO APLICADOS AL SECTOR FINANCIERO | E6: =NOTAS!E6 -> CÓDIGO: | F6: =+NOTAS!F6 -> POS51776
B7: =NOTAS!B7 -> DOCENTE: | C7: =+NOTAS!C7 -> XIMENA QUIROGA | E7: =NOTAS!E7 -> PERIODO: | F7: =+NOTAS!F7 -> 2025 - 20
B8: =NOTAS!B8 -> N° HORAS: | C8: =+NOTAS!C8 -> 20 | E8: =NOTAS!E8 -> AÑO: | F8: =+NOTAS!F8 -> 2026
A10: N° | B10: =+NOTAS!B10 -> PROG | C10: CÉDULA N° | D10: APELLIDOS Y NOMBRES | E10: 46077 | F10: 46078 | G10: 46079 | H10: 46084 | I10: 46085 | J10: 46086 | K10: TOTAL ASISITENCIA
A11: =+NOTAS!A11 -> 1 | B11: =+NOTAS!B11 -> MAGD - 5 | C11: =+NOTAS!C11 -> 1030571881 | D11: =+NOTAS!D11 -> Alvarez Navarro Erika Yamile | E11: FALSE | F11: FALSE | G11: FALSE | H11: FALSE | I11: FALSE | J11: FALSE | K11: =+COUNTIF(E11:J11,TRUE) -> 0
A12: =NOTAS!A12 -> 2 | B12: =NOTAS!B12 -> MAGD - 5 | C12: =NOTAS!C12 -> 1105675589 | D12: =NOTAS!D12 -> Arias Pacheco Jaime Oswaldo | E12: FALSE | F12: FALSE | G12: FALSE | H12: FALSE | I12: FALSE | J12: FALSE | K12: =+COUNTIF(E12:J12,TRUE) -> 0
A13: =NOTAS!A13 -> 3 | B13: =NOTAS!B13 -> MAGD - 5 | C13: =NOTAS!C13 -> 1022373898 | D13: =NOTAS!D13 -> Castro González Juliana Ibeth | E13: FALSE | F13: FALSE | G13: FALSE | H13: FALSE | I13: FALSE | J13: FALSE | K13: =+COUNTIF(E13:J13,TRUE) -> 0
A14: =NOTAS!A14 -> 4 | B14: =NOTAS!B14 -> MAGD - 5 | C14: =NOTAS!C14 -> 1012414210 | D14: =NOTAS!D14 -> González Campo Andrea Viviana | E14: FALSE | F14: FALSE | G14: FALSE | H14: FALSE | I14: FALSE | J14: FALSE | K14: =+COUNTIF(E14:J14,TRUE) -> 0
A15: =NOTAS!A15 -> 5 | B15: =NOTAS!B15 -> MAGD - 5 | C15: =NOTAS!C15 -> 1000287668 | D15: =NOTAS!D15 -> Pardo Ruiz Johan Sebastian | E15: FALSE | F15: FALSE | G15: FALSE | H15: FALSE | I15: FALSE | J15: FALSE | K15: =+COUNTIF(E15:J15,TRUE) -> 0
A16: =NOTAS!A16 -> 6 | B16: =NOTAS!B16 -> MAGD - 5 | C16: =NOTAS!C16 -> 1018437179 | D16: =NOTAS!D16 -> Sierra Vallejo Andres Felipe | E16: FALSE | F16: FALSE | G16: FALSE | H16: FALSE | I16: FALSE | J16: FALSE | K16: =+COUNTIF(E16:J16,TRUE) -> 0
A17: =NOTAS!A17 -> 7 | B17: =NOTAS!B17 -> MAGD - 5 | C17: =NOTAS!C17 -> 1033719488 | D17: =NOTAS!D17 -> Avila Marcela | E17: FALSE | F17: FALSE | G17: FALSE | H17: FALSE | I17: FALSE | J17: FALSE | K17: =+COUNTIF(E17:J17,TRUE) -> 0
